{
    "success": 1,
    "hasMore": 1,
    "pets": [{
        "pic": "http://souche.cdn.aliyuncs.com/files/carpicture/D334300D2D6A0313EEECB2624A8074D9_700x460.JPG_240x10000.JPG",
        "nick": "我是傻逼",
        "likeCount": "123",
        "id": 10
    }, {
        "pic": "http://souche.cdn.aliyuncs.com/files/carpicture/D334300D2D6A0313EEECB2624A8074D9_700x460.JPG_240x10000.JPG",
        "nick": "我是傻逼",
        "likeCount": "123",
        "id": 10
    }, {
        "pic": "http://souche.cdn.aliyuncs.com/files/carpicture/D334300D2D6A0313EEECB2624A8074D9_700x460.JPG_240x10000.JPG",
        "nick": "我是傻逼",
        "likeCount": "123",
        "id": 10
    }, {
        "pic": "http://souche.cdn.aliyuncs.com/files/carpicture/D334300D2D6A0313EEECB2624A8074D9_700x460.JPG_240x10000.JPG",
        "nick": "我是傻逼",
        "likeCount": "123",
        "id": 10
    }]

}